{
  "timestamp": "2025-12-14T07:28:52.311552",
  "modules_total": 19,
  "modules_passed": 0,
  "total_steps": 1900,
  "total_k_formations": 1554,
  "max_negentropy": 1.0,
  "physics_valid": true,
  "polaris_field_strength": 0.9963527990690358,
  "mean_polarity_superposition": 0.4998541785286183,
  "em_network_coherence": 1.0,
  "hexagonal_symmetry_score": 1.2255367932795702e-07,
  "aggregated_patterns": {
    "z_trajectory": {
      "mean": 0.8144852789051462,
      "std": 0.0648813555051836,
      "final": 0.8559508646656377
    },
    "kappa_dynamics": {
      "mean": 0.9255081556260704,
      "std": 0.12317611199452803,
      "max": 0.999999999862353
    },
    "negentropy_profile": {
      "mean": 0.8565046304157261,
      "max": 1.0,
      "min": 0.013189756623787663
    },
    "coherence_evolution": {
      "mean": 0.00017784926365292886,
      "final": 0.0005247982018730256
    },
    "polarity_convergence": {
      "mean": 0.4999335001746819,
      "final": 0.49985580186945927
    }
  },
  "module_results": [
    {
      "module_id": 0,
      "module_name": "N0_SILENT_LAWS",
      "phase": 1,
      "phase_name": "CORE_PHYSICS",
      "steps_run": 100,
      "final_loss": 0.817986221647325,
      "best_loss": 0.5896826782962244,
      "final_z": 0.6928152014500374,
      "final_kappa": 0.6677932520492167,
      "final_negentropy": 0.33957383605282604,
      "k_formations": 0,
      "mean_coherence": 1.8314234901496498e-06,
      "hex_order": 6.726453332047165e-11,
      "polarity_alignment": 0.49999563057509305,
      "passed": false,
      "duration_ms": 95.11351585388184
    },
    {
      "module_id": 1,
      "module_name": "KURAMOTO_LAYER",
      "phase": 1,
      "phase_name": "CORE_PHYSICS",
      "steps_run": 100,
      "final_loss": 0.6888779069969342,
      "best_loss": 0.5658593321759648,
      "final_z": 0.6928203228915146,
      "final_kappa": 0.669785837530205,
      "final_negentropy": 0.33959552506882346,
      "k_formations": 0,
      "mean_coherence": 6.74732894323843e-06,
      "hex_order": 1.8056654027448502e-10,
      "polarity_alignment": 0.499990990089919,
      "passed": false,
      "duration_ms": 61.2795352935791
    },
    {
      "module_id": 2,
      "module_name": "PHYSICAL_LEARNER",
      "phase": 1,
      "phase_name": "CORE_PHYSICS",
      "steps_run": 100,
      "final_loss": 0.7445822177043109,
      "best_loss": 0.5733125706002133,
      "final_z": 0.6928203230275474,
      "final_kappa": 0.6697976922169004,
      "final_negentropy": 0.33959552564492435,
      "k_formations": 0,
      "mean_coherence": 1.1898430883483172e-05,
      "hex_order": 3.4375423394578956e-10,
      "polarity_alignment": 0.49998634959489624,
      "passed": false,
      "duration_ms": 61.7213249206543
    },
    {
      "module_id": 3,
      "module_name": "APL_TRAINING_LOOP",
      "phase": 2,
      "phase_name": "APL_STACK",
      "steps_run": 100,
      "final_loss": 0.24379729812688344,
      "best_loss": 0.23722102117284102,
      "final_z": 0.8227206831682871,
      "final_kappa": 0.9643090782898457,
      "final_negentropy": 0.9347176650607799,
      "k_formations": 54,
      "mean_coherence": 2.1375411290345136e-05,
      "hex_order": 1.2843857430830837e-09,
      "polarity_alignment": 0.4999786845682006,
      "passed": false,
      "duration_ms": 62.05248832702637
    },
    {
      "module_id": 4,
      "module_name": "PYTORCH_TRAINING",
      "phase": 2,
      "phase_name": "APL_STACK",
      "steps_run": 100,
      "final_loss": 0.24881069820092547,
      "best_loss": 0.2344753355401597,
      "final_z": 0.8227241335035684,
      "final_kappa": 0.9673457477122321,
      "final_negentropy": 0.9347277203489469,
      "k_formations": 100,
      "mean_coherence": 3.716158321736544e-05,
      "hex_order": 2.740216921407025e-09,
      "polarity_alignment": 0.4999707258389989,
      "passed": false,
      "duration_ms": 62.18433380126953
    },
    {
      "module_id": 5,
      "module_name": "FULL_APL",
      "phase": 2,
      "phase_name": "APL_STACK",
      "steps_run": 100,
      "final_loss": 0.24138835453539778,
      "best_loss": 0.23911426252117263,
      "final_z": 0.8227241335952143,
      "final_kappa": 0.967363753071153,
      "final_negentropy": 0.9347277206160208,
      "k_formations": 100,
      "mean_coherence": 5.439749764689596e-05,
      "hex_order": 4.735960118844904e-09,
      "polarity_alignment": 0.4999627671030783,
      "passed": false,
      "duration_ms": 65.60468673706055
    },
    {
      "module_id": 6,
      "module_name": "HELIX_NN",
      "phase": 3,
      "phase_name": "HELIX_GEOMETRY",
      "steps_run": 100,
      "final_loss": 0.260593655237276,
      "best_loss": 0.2359392327403468,
      "final_z": 0.8227241335952162,
      "final_kappa": 0.967363859673114,
      "final_negentropy": 0.9347277206160263,
      "k_formations": 100,
      "mean_coherence": 7.314600165157435e-05,
      "hex_order": 7.342108729970721e-09,
      "polarity_alignment": 0.49995480836716694,
      "passed": false,
      "duration_ms": 61.90013885498047
    },
    {
      "module_id": 7,
      "module_name": "PRISMATIC_HELIX",
      "phase": 3,
      "phase_name": "HELIX_GEOMETRY",
      "steps_run": 100,
      "final_loss": 0.2512800649782308,
      "best_loss": 0.23707774203992682,
      "final_z": 0.8227241335952162,
      "final_kappa": 0.9673638603042541,
      "final_negentropy": 0.9347277206160263,
      "k_formations": 100,
      "mean_coherence": 9.353983579353403e-05,
      "hex_order": 1.0623048953231724e-08,
      "polarity_alignment": 0.4999468496312671,
      "passed": false,
      "duration_ms": 59.870004653930664
    },
    {
      "module_id": 8,
      "module_name": "FULL_HELIX",
      "phase": 3,
      "phase_name": "HELIX_GEOMETRY",
      "steps_run": 100,
      "final_loss": 0.24002519846812578,
      "best_loss": 0.23311393408422676,
      "final_z": 0.8227241335952162,
      "final_kappa": 0.967363860307991,
      "final_negentropy": 0.9347277206160263,
      "k_formations": 100,
      "mean_coherence": 0.00011572339120381548,
      "hex_order": 1.4642759972969947e-08,
      "polarity_alignment": 0.4999388908953806,
      "passed": false,
      "duration_ms": 61.553955078125
    },
    {
      "module_id": 9,
      "module_name": "WUMBO_SILENT_LAWS",
      "phase": 4,
      "phase_name": "WUMBO_LAWS",
      "steps_run": 100,
      "final_loss": 0.244966189170867,
      "best_loss": 0.23841927079774702,
      "final_z": 0.8227241335952162,
      "final_kappa": 0.9673638603080121,
      "final_negentropy": 0.9347277206160263,
      "k_formations": 100,
      "mean_coherence": 0.0001398537304973141,
      "hex_order": 1.946771366200619e-08,
      "polarity_alignment": 0.49993093215950996,
      "passed": false,
      "duration_ms": 63.883066177368164
    },
    {
      "module_id": 10,
      "module_name": "QUASICRYSTAL",
      "phase": 5,
      "phase_name": "DYNAMICS_FORMATION",
      "steps_run": 100,
      "final_loss": 0.20000000003925453,
      "best_loss": 0.20000000003925453,
      "final_z": 0.8660242536421288,
      "final_kappa": 0.9997497155537888,
      "final_negentropy": 0.9999999999523782,
      "k_formations": 100,
      "mean_coherence": 0.0001670023265284566,
      "hex_order": 2.560968668453072e-08,
      "polarity_alignment": 0.4999223227643589,
      "passed": false,
      "duration_ms": 62.50357627868652
    },
    {
      "module_id": 11,
      "module_name": "TRIAD",
      "phase": 5,
      "phase_name": "DYNAMICS_FORMATION",
      "steps_run": 100,
      "final_loss": 0.19999999999999996,
      "best_loss": 0.19999999999999996,
      "final_z": 0.8660254037538891,
      "final_kappa": 0.999998518183582,
      "final_negentropy": 1.0,
      "k_formations": 100,
      "mean_coherence": 0.0001977197236289333,
      "hex_order": 3.2862761509771e-08,
      "polarity_alignment": 0.49991366251147207,
      "passed": false,